Ref,Val,Package,PosX,PosY,Rot,Side
"BT1","Battery_Cell","JST_PH_S2B-PH-K_1x02_P2.00mm_Horizontal",149.400001,-80.575000,0.000000,top
"C1","100n","C_0805_2012Metric",113.475000,-69.950000,90.000000,top
"C2","100n","C_0805_2012Metric",116.475000,-71.500000,90.000000,top
"C3","100n","C_0805_2012Metric",132.206250,-45.625000,-90.000000,top
"C4","10u","C_0805_2012Metric",129.206250,-45.625000,-90.000000,top
"C5","100n","C_0805_2012Metric",132.256250,-49.175000,90.000000,top
"C6","100n","C_0805_2012Metric",166.500000,-70.500000,-90.000000,top
"C7","10u","C_0805_2012Metric",125.900001,-73.975000,90.000000,top
"C8","10u","C_0805_2012Metric",123.500000,-74.000000,-90.000000,top
"C9","100n","C_0805_2012Metric",128.500000,-73.975000,90.000000,top
"C10","100n","C_0805_2012Metric",148.900001,-73.575000,-90.000000,top
"C11","10u","C_0805_2012Metric",142.900001,-71.025000,90.000000,top
"C12","10u","C_0805_2012Metric",141.850001,-79.525000,180.000000,top
"D1","SS14","D_SMA",124.305001,-78.140000,0.000000,top
"D2","TSAL4400","LED_D3.0mm_IRBlack",171.000000,-62.770000,90.000000,top
"F1","2A","Fuse_1206_3216Metric",129.900001,-79.540000,-90.000000,top
"J1","Conn_01x04_Pin","PinHeader_1x04_P2.54mm_Vertical",162.500000,-45.920000,0.000000,top
"J2","USB_C_Receptacle_USB2.0_16P","USB_C_Receptacle_HRO_TYPE-C-31-M-12",136.400001,-87.525000,0.000000,top
"Q1","AO3400A","SOT-23",166.500000,-62.050000,0.000000,top
"R1","4.7k","R_0805_2012Metric",116.387500,-63.500000,180.000000,top
"R2","4.7k","R_0805_2012Metric",118.925000,-69.000000,-90.000000,top
"R3","22","R_2512_6332Metric",167.500000,-51.000000,-90.000000,top
"R4","100","R_0805_2012Metric",160.500000,-59.500000,90.000000,top
"R5","5.1k","R_0805_2012Metric",138.400001,-79.025000,90.000000,top
"R6","5.1k","R_0805_2012Metric",134.900001,-79.025000,90.000000,top
"R7","1.2k","R_0805_2012Metric",127.487501,-69.525000,180.000000,top
"R8","100","R_0805_2012Metric",146.400001,-73.612500,-90.000000,top
"R9","1k","R_0805_2012Metric",159.312501,-73.525000,0.000000,top
"R10","10k","R_0805_2012Metric",163.000000,-60.000000,90.000000,top
"R11","10k","R_0805_2012Metric",126.206250,-45.625000,-90.000000,top
"R12","4.7k","R_0805_2012Metric",120.500000,-58.250000,90.000000,top
"R13","10k","R_0805_2012Metric",166.500000,-66.500000,-90.000000,top
"R14","100","R_0805_2012Metric",163.000000,-70.587500,-90.000000,top
"SW1","SW_Push","SW_Push_1P1T_XKB_TS-1187A",126.206250,-52.125000,0.000000,top
"SW2","SW_Push","SW_Push_1P1T_XKB_TS-1187A",126.000000,-59.625000,0.000000,top
"TP1","TestPoint","TestPoint_Pad_D1.5mm",168.500000,-76.000000,0.000000,top
"TP2","TestPoint","TestPoint_Pad_D1.5mm",168.500000,-79.500000,0.000000,top
"TP3","TestPoint","TestPoint_Pad_D1.5mm",168.500000,-84.000000,0.000000,top
"TP4","TestPoint","TestPoint_Pad_D1.5mm",168.500000,-87.500000,0.000000,top
"U1","ESP32-WROOM-32","ESP32-WROOM-32",144.250000,-51.900000,0.000000,top
"U2","TSOP382xx","Vishay_MINICAST-3Pin",172.000000,-67.500000,-90.000000,top
"U3","BME280","Bosch_LGA-8_2.5x2.5mm_P0.65mm_ClockwisePinNumbering",115.975000,-68.025000,0.000000,top
"U4","TP4056-42-ESOP8","SOIC-8-1EP_3.9x4.9mm_P1.27mm_EP2.29x3mm_ThermalVias",133.375001,-71.025000,0.000000,top
"U5","AP2112K-3.3","SOT-23-5",141.850001,-76.025000,-90.000000,top
"U6","DW01A","SOT-23-6",154.312501,-73.445000,180.000000,top
"U7","FS8205A","TSSOP-8_4.4x3mm_P0.65mm",158.900001,-80.525000,0.000000,top
