"Reference","Qty","Value","DNP","Exclude from BOM","Exclude from Board","Exclude from Simulation","Exclude from Position Files","Footprint","Datasheet"
"BT1","1","Battery_Cell","","","","","${EXCLUDE_FROM_POS_FILES}","Connector_JST:JST_PH_S2B-PH-K_1x02_P2.00mm_Horizontal",""
"C1,C2,C3,C5,C6,C9,C10","7","100n","","","","","${EXCLUDE_FROM_POS_FILES}","Capacitor_SMD:C_0805_2012Metric",""
"C4,C7,C8,C11,C12","5","10u","","","","","${EXCLUDE_FROM_POS_FILES}","Capacitor_SMD:C_0805_2012Metric",""
"D1","1","SS14","","","","","${EXCLUDE_FROM_POS_FILES}","Diode_SMD:D_SMA","https://www.vishay.com/docs/88746/ss12.pdf"
"D2","1","TSAL4400","","","","","${EXCLUDE_FROM_POS_FILES}","LED_THT:LED_D3.0mm_IRBlack","http://www.vishay.com/docs/81006/tsal4400.pdf"
"F1","1","2A","","","","","${EXCLUDE_FROM_POS_FILES}","Fuse:Fuse_1206_3216Metric",""
"J1","1","Conn_01x04_Pin","","","","","${EXCLUDE_FROM_POS_FILES}","Connector_PinHeader_2.54mm:PinHeader_1x04_P2.54mm_Vertical",""
"J2","1","USB_C_Receptacle_USB2.0_16P","","","","","${EXCLUDE_FROM_POS_FILES}","Connector_USB:USB_C_Receptacle_HRO_TYPE-C-31-M-12","https://www.usb.org/sites/default/files/documents/usb_type-c.zip"
"Q1","1","AO3400A","","","","","${EXCLUDE_FROM_POS_FILES}","Package_TO_SOT_SMD:SOT-23","http://www.aosmd.com/pdfs/datasheet/AO3400A.pdf"
"R1,R2,R12","3","4.7k","","","","","${EXCLUDE_FROM_POS_FILES}","Resistor_SMD:R_0805_2012Metric",""
"R3","1","22","","","","","${EXCLUDE_FROM_POS_FILES}","Resistor_SMD:R_2512_6332Metric",""
"R4,R8,R14","3","100","","","","","${EXCLUDE_FROM_POS_FILES}","Resistor_SMD:R_0805_2012Metric",""
"R5,R6","2","5.1k","","","","","${EXCLUDE_FROM_POS_FILES}","Resistor_SMD:R_0805_2012Metric",""
"R7","1","1.2k","","","","","${EXCLUDE_FROM_POS_FILES}","Resistor_SMD:R_0805_2012Metric",""
"R9","1","1k","","","","","${EXCLUDE_FROM_POS_FILES}","Resistor_SMD:R_0805_2012Metric",""
"R10,R11,R13","3","10k","","","","","${EXCLUDE_FROM_POS_FILES}","Resistor_SMD:R_0805_2012Metric",""
"SW1,SW2","2","SW_Push","","","","","${EXCLUDE_FROM_POS_FILES}","Button_Switch_SMD:SW_Push_1P1T_XKB_TS-1187A",""
"TP1,TP2,TP3,TP4","4","TestPoint","","","","","${EXCLUDE_FROM_POS_FILES}","TestPoint:TestPoint_Pad_D1.5mm",""
"U1","1","ESP32-WROOM-32","","","","","${EXCLUDE_FROM_POS_FILES}","RF_Module:ESP32-WROOM-32","https://www.espressif.com/sites/default/files/documentation/esp32-wroom-32_datasheet_en.pdf"
"U2","1","TSOP382xx","","","","","${EXCLUDE_FROM_POS_FILES}","OptoDevice:Vishay_MINICAST-3Pin","http://www.vishay.com/docs/82491/tsop382.pdf"
"U3","1","BME280","","","","","${EXCLUDE_FROM_POS_FILES}","Package_LGA:Bosch_LGA-8_2.5x2.5mm_P0.65mm_ClockwisePinNumbering","https://www.bosch-sensortec.com/media/boschsensortec/downloads/datasheets/bst-bme280-ds002.pdf"
"U4","1","TP4056-42-ESOP8","","","","","${EXCLUDE_FROM_POS_FILES}","Package_SO:SOIC-8-1EP_3.9x4.9mm_P1.27mm_EP2.29x3mm_ThermalVias","https://www.lcsc.com/datasheet/lcsc_datasheet_2410121619_TOPPOWER-Nanjing-Extension-Microelectronics-TP4056-42-ESOP8_C16581.pdf"
"U5","1","AP2112K-3.3","","","","","${EXCLUDE_FROM_POS_FILES}","Package_TO_SOT_SMD:SOT-23-5","https://www.diodes.com/assets/Datasheets/AP2112.pdf"
"U6","1","DW01A","","","","","${EXCLUDE_FROM_POS_FILES}","Package_TO_SOT_SMD:SOT-23-6","https://hmsemi.com/downfile/DW01A.PDF"
"U7","1","FS8205A","","","","","${EXCLUDE_FROM_POS_FILES}","Package_SO:TSSOP-8_4.4x3mm_P0.65mm",""
